id,Name
1,"Allen, Miss Elisabeth Walton"
2,"Allison, Miss Helen Loraine"
3,"Allison, Mr Hudson Joshua Creighton"
4,"Allison, Mrs Hudson JC (Bessie Waldo Daniels)"
5,"Allison, Master Hudson Trevor"
6,"Anderson, Mr Harry"
7,"Andrews, Miss Kornelia Theodosia"
8,"Andrews, Mr Thomas, jr"
9,"Appleton, Mrs Edward Dale (Charlotte Lamson)"
10,"Artagaveytia, Mr Ramon"
11,"Astor, Colonel John Jacob"
12,"Astor, Mrs John Jacob (Madeleine Talmadge Force)"
13,"Aubert, Mrs Leontine Pauline"
14,"Barkworth, Mr Algernon H"
15,"Baumann, Mr John D"
16,"Baxter, Mrs James (Helene DeLaudeniere Chaput)"
17,"Baxter, Mr Quigg Edmond"
18,"Beattie, Mr Thomson"
19,"Beckwith, Mr Richard Leonard"
20,"Beckwith, Mrs Richard Leonard (Sallie Monypeny)"
21,"Behr, Mr Karl Howell"
22,"Birnbaum, Mr Jakob"
23,"Bishop, Mr Dickinson H"
24,"Bishop, Mrs Dickinson H (Helen Walton)"
25,"Bjornstrm-Steffansson, Mr Mauritz Hakan"
26,"Blackwell, Mr Stephen Weart"
27,"Blank, Mr Henry"
28,"Bonnell, Miss Caroline"
29,"Bonnell, Miss Elizabeth"
30,"Borebank, Mr John James"
31,"Bowen, Miss Grace Scott"
32,"Bowerman, Miss Elsie Edith"
33,"Bradley, Mr George"
34,"Brady, Mr John Bertram"
35,"Brandeis, Mr Emil"
36,"Brewe, Dr Arthur Jackson"
37,"Brown, Mrs James Joseph (Margaret Molly"" Tobin)"""
38,"Brown, Mrs John Murray (Caroline Lane Lamson)"
39,"Bucknell, Mrs William Robert (Emma Eliza Ward)"
40,"Butt, Major Archibald Willingham"
41,"Calderhead, Mr Edward P"
42,"Candee, Mrs Edward (Helen Churchill Hungerford)"
43,"Cardeza, Mrs James Warburton Martinez (Charlotte Wardle Drake)"
44,"Cardeza, Mr Thomas Drake Martinez"
45,"Carlsson, Mr Frans Olof"
46,"Carrau, Mr Francisco M"
47,"Carrau, Mr Jose Pedro"
48,"Carter, Mr William Ernest"
49,"Carter, Mrs William Ernest (Lucile Polk)"
50,"Carter, Miss Lucile Polk"
51,"Carter, Master William T II"
52,"Case, Mr Howard Brown"
53,"Cassebeer, Mrs Henry Arthur jr (Genevieve Fosdick)"
54,"Cavendish, Mr Tyrell William"
55,"Cavendish, Mrs Tyrell William Julia Florence Siegel"
56,"Chaffee, Mr Herbert Fuller"
57,"Chaffee, Mrs Herbert Fuller (Carrie Constance Toogood)"
58,"Chambers, Mr Norman Campbell"
59,"Chambers, Mrs Norman Campbell (Bertha Griggs)"
60,"Cherry, Miss Gladys"
61,"Chevre, Mr Paul"
62,"Chibnall (Bowerman), Mrs Edith Martha"
63,"Chisholm, Mr Roderick Robert"
64,"Clark, Mr Walter Miller"
65,"Clark, Mrs Walter Miller (Virginia McDowell)"
66,"Clifford, Mr George Quincy"
67,"Colley, Mr Edward Pomeroy"
68,"Compton, Mrs Alexander Taylor (Mary Eliza Ingersoll)"
69,"Compton, Mr Alexander Taylor, Jr"
70,"Compton, Miss Sara Rebecca"
71,"Cornell, Mrs Robert Clifford (Malvina Helen Lamson)"
72,"Crafton, Mr John Bertram"
73,"Crosby, Captain Edward Gifford"
74,"Crosby, Mrs Edward Gifford (Catherine Elizabeth Halstead)"
75,"Crosby, Miss Harriet R"
76,"Cumings, Mr John Bradley"
77,"Cumings, Mrs John Bradley (Florence Briggs Thayer)"
78,"Daly, Mr Peter Denis "
79,"Daniel, Mr Robert Williams"
80,"Davidson, Mr Thornton"
81,"Davidson, Mrs Thornton (Orian Hays)"
82,"de Villiers, Madame Berthe"
83,"Dick, Mr Albert Adrian"
84,"Dick, Mrs Albert Adrian Vera Gillespie"
85,"Dodge, Dr Washington"
86,"Dodge, Mrs Washington (Ruth Vidaver)"
87,"Dodge, Master Washington"
88,"Douglas, Mrs Frederick Charles (Suzette Baxter)"
89,"Douglas, Mr Walter Donald"
90,"Douglas, Mrs Walter Donald (Mahala Dutton)"
91,"Duff Gordon, Sir Cosmo Edmund"
92,"Duff Gordon, Lady (Lucille Wallace Sutherland)"
93,"Dulles, Mr William Crothers"
94,"Earnshaw, Mrs Boulton (Olive Potter)"
95,"Eustis, Miss Elizabeth Mussey"
96,"Evans, Miss Edith Corse"
97,"Flegenheim, Mrs Alfred (Antoinette)"
98,"Flynn, Mr John Irving"
99,"Foreman, Mr Benjamin Laventall"
100,"Fortune, Miss Alice Elizabeth"
101,"Fortune, Mr Charles Alexander"
102,"Fortune, Miss Ethel Flora"
103,"Fortune, Miss Mabel"
104,"Fortune, Mr Mark"
105,"Fortune, Mrs Mark (Mary McDougald)"
106,"Franklin, Mr Thomas Parham"
107,"Frauenthal, Dr Henry William"
108,"Frauenthal, Mrs Henry William (Clara Heinsheimer)"
109,"Frauenthal, Mr Isaac Gerald"
110,"Frolicher, Miss Marguerite"
111,"Frolicher-Stehli, Mr Maxmillian"
112,"Frolicher-Stehli, Mrs Maxmillian (Margaretha Emerentia Stehli)"
113,"Futrelle, Mr Jacques"
114,"Futrelle, Mrs Jacques (May Peel)"
115,"Gee, Mr Arthur H"
116,"Gibson, Miss Dorothy"
117,"Gibson, Mrs Leonard (Pauline C Boeson)"
118,"Goldenberg, Mr Samuel L"
119,"Goldenberg, Mrs Samuel L (Edwiga Grabowsko)"
120,"Goldschmidt, Mr George B"
121,"Gracie, Colonel Archibald IV"
122,"Graham, Mr George Edward"
123,"Graham, Miss Margaret Edith"
124,"Graham, Mrs William Thompson (Edith Junkins)"
125,"Greenfield, Mrs Leo David (Blanche Strouse)"
126,"Greenfield, Mr William Bertram"
127,"Guggenheim, Mr Benjamin"
128,"Harder, Mr George Achilles"
129,"Harder, Mrs George Achilles (Dorothy Annan)"
130,"Harper, Mr Henry Sleeper"
131,"Harper, Mrs Henry Sleeper (Myna Haxtun)"
132,"Harris, Mr Henry Birkhardt"
133,"Harris, Mrs Henry Birkhardt (Irene Wallach)"
134,"Hawksford, Mr Walter James"
135,"Hays, Mr Charles Melville"
136,"Hays, Mrs Charles Melville (Clara Jennings Gregg)"
137,"Hays, Miss Margaret Bechstein"
138,"Head, Mr Christopher"
139,"Hilliard, Mr Herbert Henry"
140,"Hipkins, Mr William Edward"
141,"Hippach, Miss Jean Gertrude"
142,"Hippach, Mrs Louis Albert (Ida Sophia Fischer)"
143,"Hogeboom, Mrs John C (Anna Andrews)"
144,"Holverson, Mr Alexander Oskar"
145,"Holverson, Mrs Alexander Oskar (Mary Aline Towner)"
146,"Homer, Mr Harry"
147,"Hoyt, Mr Frederick Maxfield"
148,"Hoyt, Mrs Frederick Maxfield (Jane Anne Forby)"
149,"Hoyt, Mr William F"
150,"Isham, Miss Anne Elizabeth"
151,"Ismay, Mr Joseph Bruce"
152,"Jones, Mr Charles Cresson"
153,"Julian, Mr Henry Forbes"
154,"Kent, Mr Edward Austin"
155,"Kenyon, Mr Frederick R"
156,"Kenyon, Mrs Frederick R (Marion)"
157,"Kimball, Mr Edwin Nelson Jr"
158,"Kimball, Mrs Edwin Nelson Jr (Gertrude Parsons)"
159,"Klaber, Mr Herman"
160,"Leader, Dr Alice Farnham"
161,"Lewy, Mr Ervin G"
162,"Lindeberg-Lind, Mr Erik Gustaf"
163,"Lindstrom, Mrs Carl Johan (Sigrid Posse)"
164,"Lines, Mrs Ernest H (Elizabeth Lindsey James)"
165,"Lines, Miss Mary Conover"
166,"Lingrey, Mr Edward"
167,"Long, Mr Milton Clyde"
168,"Longley, Miss Gretchen Fiske"
169,"Loring, Mr Joseph Holland"
170,"Madill, Miss Georgette Alexandra"
171,"Maguire, Mr John Edward"
172,"Marechal, Mr Pierre"
173,"Marvin, Mr Daniel Warner"
174,"Marvin, Mrs Daniel Warner (Mary Graham Carmichael Farquarson)"
175,"McCaffry, Mr Thomas Francis"
176,"McCarthy, Mr Timothy J"
177,"McGough, Mr James R"
178,"Meyer, Mr Edgar Joseph"
179,"Meyer, Mrs Edgar Joseph (Leila Saks)"
180,"Millet, Mr Francis Davis"
181,"Minahan, Miss Daisy E"
182,"Minahan, Dr William Edward"
183,"Minahan, Mrs William Edward (Lillian E Thorpe)"
184,"Mock, Mr Philip E"
185,"Molson, Mr Harry Markland"
186,"Moore, Mr Clarence Bloomfield"
187,"Natsch, Mr Charles H"
188,"Newell, Mr Arthur Webster"
189,"Newell, Miss Madeleine"
190,"Newell, Miss Marjorie"
191,"Newsom, Miss Helen Monypeny"
192,"Nicholson, Mr Arthur Ernest"
193,"Omont, Mr A Fernand"
194,"Ostby, Mr Engelhart Cornelius"
195,"Ostby, Miss Helen Raghnild"
196,"Ovies y Rodriguez, Mr Servando"
197,"Parr, Mr William Henry Marsh"
198,"Partner, Mr Austin"
199,"Payne, Mr Vivian Ponsonby"
200,"Pears, Mr Thomas"
201,"Pears, Mrs Thomas (Edith)"
202,"Penasco, Mr Victor de Satode"
203,"Penasco, Mrs Victor de Satode (Josefa de Soto)"
204,"Peuchen, Major Arthur Godfrey"
205,"Porter, Mr Walter Chamberlain"
206,"Potter, Mrs Thomas, Jr (Lily Alexenia Wilson)"
207,"Reuchlin, Jonkheer John George"
208,"Rheims, Mr George Lucien"
209,"Robert, Mrs Edward Scott (Elisabeth Walton McMillan)"
210,"Roebling, Mr Washington Augustus 2nd"
211,"Romaine, Mr Charles Hallace"
212,"Rood, Mr Hugh R"
213,"Rosenbaum (Russell), Miss Edith Louise"
214,"Ross, Mr John Hugo"
215,"Rothes, the Countess of (Noel Lucy Martha Dyer-Edwardes)"
216,"Rothschild, Mr Martin"
217,"Rothschild, Mrs Martin (Elizabeth L Barrett)"
218,"Rowe, Mr Alfred G"
219,"Ryerson, Mr Arthur Larned"
220,"Ryerson, Mrs Arthur Larned (Emily Maria Borie)"
221,"Ryerson, Miss Emily Borie"
222,"Ryerson, Master John Borie"
223,"Ryerson, Miss Susan (Suzette) Parker"
224,"Saalfeld, Mr Adolphe"
225,"Salomon, Mr Abraham L"
226,"Schabert, Mrs Paul (Emma Mock)"
227,"Seward, Mr Frederic Kimber"
228,"Shutes, Miss Elizabeth W"
229,"Silverthorne, Mr Spencer Victor"
230,"Silvey, Mr William Baird"
231,"Silvey, Mrs William Baird (Alice Munger)"
232,"Simonius-Blumer, Col Alfons"
233,"Sloper, Mr William Thompson"
234,"Smart, Mr John Montgomery"
235,"Smith, Mr James Clinch"
236,"Smith, Mr Lucien Philip"
237,"Smith, Mrs Lucien Philip (Mary Eloise Hughes"
238,"Smith, Mr Richard William"
239,"Snyder, Mr John Pillsbury"
240,"Snyder, Mrs John Pillsbury (Nelle Stevenson)"
241,"Spedden, Mr Frederick Oakley"
242,"Spedden, Mrs Frederick Oakley (Margaretta Corning Stone)"
243,"Spedden, Master Robert Douglas"
244,"Spencer, Mr William Augustus"
245,"Spencer, Mrs William Augustus (Marie Eugenie)"
246,"Staehlin, Dr Max"
247,"Stead, Mr William Thomas"
248,"Stengel, Mr Charles Emil Henry"
249,"Stengel, Mrs Charles Emil Henry (Annie May Morris)"
250,"Stephenson, Mrs Walter Bertram (Martha Eustis)"
251,"Stewart, Mr Albert A"
252,"Stone, Mrs George Nelson (Martha E)"
253,"Straus, Mr Isidor"
254,"Straus, Mrs Isidor (Ida Blun)"
255,"Sutton, Mr Frederick"
256,"Swift, Mrs Frederick Joel (Margaret Welles Barron)"
257,"Taussig, Mr Emil"
258,"Taussig, Mrs Emil (Tillie Mandelbaum)"
259,"Taussig, Miss Ruth"
260,"Taylor, Mr Elmer Zebley"
261,"Taylor, Mrs Elmer Zebley (Juliet Cummins Wright)"
262,"Thayer, Mr John Borland"
263,"Thayer, Mrs John Borland (Marian Longstreth Morris)"
264,"Thayer, Mr John Borland, jr"
265,"Thorne, Mr George (alias of: Mr George Rosenshine)"
266,"Thorne, Mrs Gertrude Maybelle"
267,"Tucker, Mr Gilbert Milligan, jr"
268,"Uruchurtu, Mr Manuel E"
269,"Van Derhoef, Mr Wyckoff"
270,"Walker, Mr William Anderson"
271,"Warren, Mr Frank Manley"
272,"Warren, Mrs Frank Manley (Anna S Atkinson)"
273,"Weir, Col John"
274,"White, Mrs J Stuart (Ella Holmes)"
275,"White, Mr Percival Wayland"
276,"White, Mr Richard Frasar"
277,"Wick, Mr George Dennick"
278,"Wick, Mrs George Dennick (Martha Hitchcock)"
279,"Wick, Miss Mary Natalie"
280,"Widener, Mr George Dunton"
281,"Widener, Mrs George Dunton (Eleanor Elkins)"
282,"Widener, Mr Harry Elkins"
283,"Willard, Miss Constance"
284,"Williams, Mr Charles Duane"
285,"Williams, Mr Fletcher Lambert"
286,"Williams, Mr Richard Norris II"
287,"Woolner, Mr Hugh"
288,"Wright, Mr George"
289,"Young, Miss Marie Grice"
290,"Barber, Ms "
291,"Bazzani, Ms Albina"
292,"Bidois, Miss Rosalie"
293,"Bird, Ms Ellen"
294,"Bissetti, Ms Amelia"
295,"Burns, Ms Elizabeth Margaret"
296,"Chaudanson, Ms         Victorine"
297,"Cleaver, Ms Alice"
298,"Daniels, Ms Sarah"
299,"Endres, Miss Caroline Louise"
300,"Farthing, Mr John"
301,"Fleming, Ms Margaret"
302,"Francatelli, Ms Laura Mabel"
303,"Fry, Mr Richard"
304,"Geiger, Miss Emily "
305,"Giglio, Mr Victor"
306,"Harrington, Mr Charles"
307,"Harrison, Mr William   Henry"
308,"Hassah, Mr Hamad"
309,"Icabad (Icabod), Ms"
310,"Keeping, Mr Edwin"
311,"Kenchen, Ms Amelia"
312,"LeRoy, Miss Berthe"
313,"Lesneur, Mr Gustave"
314,"Maloney, Ms"
315,"Oliva, Mlle"
316,"Pericault, Ms"
317,"Ringhini, Mr Sante"
318,"Robbins, Mr Victor"
319,"Segesser, Mlle Emma"
320,"Seredeca, Ms"
321,"Ward, Ms Anna"
322,"Wilson, Ms Helen"
323,"Abelson, Mr Samuel"
324,"Abelson, Mrs Samuel (Anna)"
325,"Andrew, Mr Edgar Samuel"
326,"Andrew, Mr Frank"
327,"Angle, Mr William A"
328,"Angle, Mrs William A (Florence)"
329,"Ashby, Mr John"
330,"Bailey, Mr Percy Andrew"
331,"Baimbrigge, Mr Charles R"
332,"Balls, Mrs Ada E Hall"
333,"Banfield, Mr Frederick J"
334,"Bateman, Rev Robert James"
335,"Beane, Mr Edward"
336,"Beane, Mrs Edward (Ethel Clarke)"
337,"Beauchamp, Mr Henry James"
338,"Becker, Mrs Allen Oliver (Nellie E Baumgardner)"
339,"Becker, Miss Marion Louise"
340,"Becker, Master Richard F"
341,"Becker, Miss Ruth Elizabeth"
342,"Beesley, Mr Lawrence"
343,"Bentham, Miss Lilian W"
344,"Berriman, Mr William S"
345,"Botsford, Mr William Hull"
346,"Bowenur, Mr Solomon"
347,"Bracken, Mr James H"
348,"Brown, Miss Edith E"
349,"Brown, Mr Thomas William Solomon"
350,"Brown, Mrs Thomas William Solomon (Elizabeth C)"
351,"Bryhl, Miss Dagmar"
352,"Bryhl, Mr Kurt Arnold Gottfrid"
353,"Buss, Miss Kate"
354,"Butler, Mr Reginald Fenton"
355,"Byles, Rev Thomas Roussel D"
356,"Bystrom, Mrs Carolina"
357,"Caldwell, Mr Albert Francis"
358,"Caldwell, Mrs Albert Francis (Sylvia Mae Harbaugh)"
359,"Caldwell, Master Alden Gates"
360,"Cameron, Miss Clear"
361,"Campbell, Mr William"
362,"Carbines, Mr William"
363,"Carter, Rev Ernest Courtenay"
364,"Carter, Mrs Ernest Courtenay (Lillian Hughes)"
365,"Chapman, Mr Charles Henry"
366,"Chapman, Mr John Henry"
367,"Chapman, Mrs John Henry (Elizabeth Lawry)"
368,"Christy, Mrs Alice Frances"
369,"Christy, Miss Julie"
370,"Clarke, Mr Charles V"
371,"Clarke, Mrs Charles V (Ada Maria)"
372,"Coleridge, Mr Reginald Charles"
373,"Collander, Mr Erik"
374,"Collett, Mr Sidney C Stuart"
375,"Collyer, Mr Harvey"
376,"Collyer, Mrs Harvey (Charlotte Tate)"
377,"Collyer, Miss Marjorie"
378,"Cook, Mrs Selena Rogers"
379,"Corbett, Mrs Walter H (Irene Colvin)"
380,"Corey, Mrs Percy C (Mary Phyllis Elizabeth Miller)"
381,"Cotterill, Mr Harry"
382,"Cunningham, Mr Alfred Fleming"
383,"Davies, Mr Charles Henry"
384,"Davis, Mrs Agnes"
385,"Davis, Master John Morgan"
386,"Davis, Miss Mary"
387,"Deacon, Mr Percy"
388,"de Brito, Mr Jose Joaquim"
389,"del Carlo, Mr Sebastiano"
390,"del Carlo, Mrs Sebastiano (Argenia Genovese)"
391,"Denbury, Mr Herbert"
392,"Dibden, Mr William"
393,"Doling, Mrs Ada"
394,"Doling, Miss Elsie"
395,"Downton (?Douton), Mr William James"
396,"Drew, Mr James Vivian"
397,"Drew, Mrs James Vivian (Lulu Thorne Christian)"
398,"Drew, Master Marshall Brines"
399,"Duran y More, Miss Asuncion"
400,"Duran y More, Miss Florentina"
401,"Eitemiller, Mr George Floyd"
402,"Enander, Mr Ingvar"
403,"Fahlstrom, Mr Arne Jonas"
404,"Faunthorpe, Mr Harry"
405,"Faunthorpe, Mrs Lizzie (see Wilkinson, E)"
406,"Fillbrook, Mr Charles"
407,"Fox, Mr Stanley H"
408,"Frost, Mr Anthony (Archie) W"
409,"Funk, Miss Annie C"
410,"Fynney, Mr Joseph J"
411,"Gale, Mr Harry"
412,"Gale, Mr Shadrach"
413,"Garside, Miss Ethel"
414,"Gaskell, Mr Alfred"
415,"Gavey, Mr Lawrence"
416,"Gilbert, Mr William"
417,"Giles, Mr Edgar"
418,"Giles, Mr Frederick"
419,"Giles, Mr Ralph"
420,"Gill, Mr John W"
421,"Gillespie, Mr William"
422,"Givard, Mr Hans Christensen"
423,"Greenberg, Mr Samuel"
424,"Hale, Mr Reginald"
425,"Hamalainen, Mrs William (Anna)"
426,"Hamalainen, Master Viljo"
427,"Harbeck, Mr William H"
428,"Harper, Rev John"
429,"Harper, Miss Nina"
430,"Harris, Mr George"
431,"Harris, Mr Walter"
432,"Hart, Mr Benjamin"
433,"Hart, Mrs Benjamin (Esther)"
434,"Hart, Miss Eva Miriam"
435,"Herman, Miss Alice"
436,"Herman, Miss Kate"
437,"Herman, Mr Samuel"
438,"Herman, Mrs Samuel (Jane Laver)"
439,"Hewlett, Mrs Mary D"
440,"Hickman, Mr Leonard Mark"
441,"Hickman, Mr Lewis"
442,"Hickman, Mr Stanley George"
443,"Hiltunen, Miss Marta"
444,"Hocking, Mrs Elizabeth"
445,"Hocking, Mr George"
446,"Hocking, Miss Ellen (Nellie)"
447,"Hocking, Mr Samuel James"
448,"Hodges, Mr Henry Price"
449,"Hold, Mr Stephen"
450,"Hold, Mrs Stephen (Annie Margaret)"
451,"Hood, Mr Ambrose, Jr"
452,"Hosono, Mr Masafumi"
453,"Howard, Mr Benjamin"
454,"Howard, Mrs Benjamin (Ellen Truelove)"
455,"Hunt, Mr George Henry"
456,"Ilett, Miss Bertha"
457,Jacobsohn Mr Samuel
458,"Jacobsohn, Mrs Sidney Samuel (Amy Frances Christy)"
459,"Jarvis, Mr John Denzil"
460,"Jefferys, Mr Clifford"
461,"Jefferys, Mr Ernest"
462,"Jenkin, Mr Stephen Curnow"
463,"Jerwan, Mrs Amin S (Marie Thuillard)"
464,"Kantor, Mr Sinai"
465,"Kantor, Mrs Sinai (Miriam Sternim)"
466,"Karnes, Mrs J Frank (Claire Bennett)"
467,"Keane, Mr Daniel"
468,"Keane, Miss Nora A"
469,"Kelly, Mrs Florence (Fannie)"
470,"Kirkland, Rev Charles Leonard"
471,"Knight, Mr Robert"
472,"Kvillner, Mr Johan Henrik Johannesson"
473,"Lahtinen, Rev William"
474,"Lahtinen, Mrs William (Anna Sylvan)"
475,"Lamb, Mr John James"
476,"Lemore, Mrs Amelia"
477,"LaRoche, Mr Joseph"
478,"LaRoche, Mrs Joseph (Juliet)"
479,"LaRoche, Miss Louise"
480,"LaRoche, Miss Simonne"
481,"Lehmann, Miss Bertha"
482,"Leitch, Miss Jessie"
483,"Levy, Mr Rene Jacques"
484,"Leyson, Mr Robert William Norman"
485,"Lingan, Mr John"
486,"Louch, Mr Charles Alexander"
487,"Louch, Mrs Charles Alexander (Alice Adelaide)"
488,"Mack, Mrs Mary"
489,"Malachard, Mr Noel"
490,"Mallet, Mr Albert"
491,"Mallet, Mrs Albert (Antoinette)"
492,"Mallet, Master Andre"
493,"Mangiavacchi, Mr Serafino Emilio"
494,"Mantvila, Rev Joseph"
495,"Marshall, Mrs Kate Louise Phillips"
496,"Matthews, Mr William John"
497,"Maybery, Mr Frank H"
498,"McCrae, Mr Arthur Gordon"
499,"McCrie, Mr James Matthew"
500,"McKane, Mr Peter D"
501,"Mellenger, Mrs Elizabeth Anne"
502,"Mellenger, Miss Madeleine Violet"
503,"Mellor, Mr William John"
504,"Meyer, Mr August"
505,"Milling, Mr Jacob Christian"
506,"Mitchell, Mr Henry Michael"
507,"Moraweck, Dr Ernest"
508,"Morley, Mr William"
509,"Mudd, Mr Thomas C"
510,"Myles, Mr Thomas Francis"
511,"Nasser (Nasrallah), Mr Nicholas"
512,"Nasser (Nasrallah), Mrs Nicholas"
513,"Navratil, Master Edmond Roger"
514,"Navratil, Mr Michel"
515,"Navratil, Master Michel M"
516,"Nesson, Mr Israel"
517,"Nicholls, Mr Joseph Charles"
518,"Norman, Mr Robert Douglas"
519,"Nourney, Mr Alfred (aka Baron von Drachstedt)"
520,"Nye, Mrs Elizabeth Ramell"
521,"Otter, Mr Richard"
522,"Oxenham, Mr Percy Thomas"
523,"Padro y Manent, Mr Julian"
524,"Pain, Dr Alfred"
525,"Pallas y Castello, Mr Emilio"
526,"Parker, Mr Clifford R"
527,"Parkes, Mr Francis (Frank)"
528,"Parrish, Mrs Lutie Davis"
529,"Pengelly, Mr Frederick"
530,"Peruschitz, Rev Joseph M"
531,"Phillips, Miss Alice"
532,"Phillips, Mr Robert"
533,"Pinsky, Miss Rosa"
534,"Ponesell, Mr Martin"
535,"Portaluppi, Mr Emilio"
536,"Pulbaum, Mr Frank"
537,"Quick, Mrs Frederick C (Jane Richards)"
538,"Quick, Miss Phyllis May"
539,"Quick, Miss Winifred Vera"
540,"Reeves, Mr David"
541,"Renouf, Mr Peter Henry"
542,"Renouf, Mrs Peter Henry (Lillian Jefferys)"
543,"Reynaldo, Mrs Encarnacion"
544,"Richard, Mr Emil"
545,"Richards, Master George Sidney"
546,"Richards, Mrs Sidney (Emily Hocking)"
547,"Richards, Master William Rowe"
548,"Ridsdale, Miss Lucy"
549,"Rogers, Mr Harry"
550,"Rugg, Miss Emily"
551,"Sedgwick, Mr Charles Frederick Waddington"
552,"Sharp, Mr Percival"
553,"Shelley, Mrs William (Imanita)"
554,"Silven, Miss Lyyli"
555,"Sincock, Miss Maude"
556,"Siukonnen, Miss Anna"
557,"Sjostedt, Mr Ernst Adolf"
558,"Slayter, Miss Hilda Mary"
559,"Slemen, Mr Richard James"
560,"Smith (Schmidt), Mr Augustus"
561,"Smith, Miss Marion"
562,"Sobey, Mr Hayden"
563,"Stanton, Mr Samuel Ward"
564,"Stokes, Mr Philip Joseph"
565,"Sweet, Mr George"
566,"Toomey, Miss Ellen"
567,"Troupiansky, Mr Moses Aaron"
568,"Trout, Mrs William H (Jessie L)"
569,"Troutt, Miss Edwina Celia"
570,"Turpin, Mr William John"
571,"Turpin, Mrs William John (Dorothy Anne Wonnacott)"
572,"Veale, Mr James"
573,"Waelens, Mr Achille"
574,"Walcroft, Miss Nellie"
575,"Ware, Mr John James"
576,"Ware, Mrs John James (Florence Louise Long)"
577,"Ware, Mr William J"
578,"Watson, Mr Ennis Hastings"
579,"Watt, Miss Bertha"
580,"Watt, Mrs James (Bessie Inglis Milne)"
581,"Webber, Miss Susan"
582,"Weisz, Mr Leopold"
583,"Weisz, Mrs Leopold (Mathilde)"
584,"Wells, Mrs Arthur H (Addie Trevaskis)"
585,"Wells, Miss Joan"
586,"Wells, Master Ralph Lester"
587,"West, Miss Barbara J"
588,"West, Miss Constance Mirium"
589,"West, Mr Edwy Arthur"
590,"West, Mrs Edwy Arthur (Ada Mary)"
591,"Wheadon, Mr Edward"
592,"Wheeler, Mr Edwin"
593,"Wheeler, Mr Frederick"
594,"Wilhelms, Mr Charles"
595,"Wilkinson, Mrs Elizabeth Anne"
596,"Williams, Mr Charles Eugene"
597,"Wright, Miss Marion"
598,"Yrois, Miss Henriette"
599,"Aldworth, Mr Charles Augustus"
600,"Brown, Miss Mildred"
601,"Pernot, Mr Rene"
602,"Swane, Mr George"
603,"Abbing, Mr Anthony"
604,"Abbott, Master Eugene Joseph"
605,"Abbott, Mr Rossmore Edward"
606,"Abbott, Mrs Stanton (Rosa)"
607,"Abelseth, Miss Anna Karen"
608,"Abelseth, Mr Olaus"
609,"Abraham, Mrs Joseph (Sophie Easu)"
610,"Abrahamsson, Mr August"
611,"Adahl, Mr Mauritz Nils Martin"
612,"Adams, Mr John"
613,"Ahlin, Mrs Johanna Persdotter"
614,"Ahmed, Mr Ali"
615,"Aijo-Nirva, Mr Isak"
616,"Aks, Mrs Sam (Leah Rosen)"
617,"Aks, Master Philip"
618,"Alexander, Mr William"
619,"Alhomaki, Mr Ilmari Rudolf"
620,"Ali, Mr William"
621,"Allen, Mr William Henry"
622,"Allum, Mr Owen George"
623,"Andersen, Mr Albert Karvin"
624,"Andersen, Mr Thor Olsvigen"
625,"Andersson, Mr Anders Johan"
626,"Andersson, Mrs Anders Johan (Alfrida K Brogren)"
627,"Andersson, Miss Ebba Iris"
628,"Andersson, Miss Ellis Anna Maria"
629,"Andersson, Miss Erna"
630,"Andersson, Miss Ida Augusta Margareta"
631,"Andersson, Miss Ingeborg Constancia"
632,"Andersson, Mr Johan Samuel"
633,"Andersson, Miss Sigrid Elizabeth"
634,"Andersson, Master Sigvard Harald Elias"
635,"Andreasson, Mr Paul Edvin"
636,"Angheloff, Mr Minko"
637,"Arnold, Mr Josef"
638,"Arnold, Mrs Josef (Josephine Frank)"
639,"Aronsson, Mr Ernst Axel Algot"
640,"Asim, Mr Adola"
641,"Asplund, Mr Carl Oscar Vilhelm Gustafsson"
642,"Asplund, Mrs Carl Oscar (Selma Augusta Johansson)"
643,"Asplund, Master Carl Edgar"
644,"Asplund, Master Clarence Gustaf Hugo"
645,"Aspland, Master Edvin Rojj Felix"
646,"Asplund, Master Filip Oscar"
647,"Asplund, Mr John Charles"
648,"Asplund, Miss Lillian Gertrud"
649,"Assaf, Mr Gerios"
650,"Assaf, Mrs Mariana"
651,"Assam, Mr Ali"
652,"Attalah, Miss Malaka"
653,"Attala (Kalil), Mr Solomon"
654,"Augustsson, Mr Albert"
655,"Baccos, Mr Rafoul"
656,"Backstrom, Mr Karl Alfred"
657,"Backstrom, Mrs Karl Alfred (Maria Mathilda Gustafsson)"
658,"Baclini, Miss Eugenie"
659,"Baclini, Miss Helene"
660,"Baclini, Miss Maria"
661,"Baclini, Mrs Solomon (Latifa)"
662,"Badman, Miss Emily Louisa"
663,"Badt, Mr Mohamed"
664,"Balkic, Mr Cerin"
665,"Banoura, Miss Ayout"
666,"Barbara, Mrs Catherine"
667,"Barbara, Miss Saude"
668,"Barry, Miss Julia"
669,"Barton, Mr David"
670,"Beavan, Mr William Thomas"
671,"Bengtsson, Mr John Viktor"
672,"Berglund, Mr Karl Ivar Sven"
673,"Betros, Mr Tannous"
674,"Bing, Mr Lee"
675,"Birkeland, Mr Hans"
676,"Bjorklund, Ernst Herbert"
677,"Bostandyeff, Mr Guentcho"
678,"Boulos, Master Akar"
679,"Boulos, Mr Hanna"
680,"Boulos, Mrs Joseph (Sultana)"
681,"Boulos, Miss Laura"
682,"Bourke, Mr John"
683,"Bourke, Mrs John (Catherine)"
684,"Bourke, Miss Mary"
685,"Bowen, Mr David"
686,"Bradley, Miss Bridget Delia"
687,"Braf, Miss Elin Ester Maria"
688,"Brahim, Mr Youssef"
689,"Braund, Mr Lewis Richard"
690,"Braund, Mr Owen Harris"
691,"Brobek, Mr Karl Rudolf"
692,"Brocklebank, Mr William Alfred"
693,"Buckley, Mr Daniel"
694,"Buckley, Miss Katherine"
695,"Burke, Mr Jeremiah"
696,"Burns, Miss Mary Delia"
697,"Cacic, Mr Grego"
698,"Cacic, Mr Luka"
699,"Cacic, Mr Manda"
700,"Cacic, Mr Maria"
701,"Calic, Mr Peter"
702,"Canavan, Miss Mary"
703,"Canavan, Mr Patrick"
704,"Cann, Mr Ernest"
705,"Caram (Kareem), Mr Joseph"
706,"Caram (Kareem), Mrs Joseph (Maria Elias)"
707,"Carlsson, Mr Carl Robert"
708,"Carlsson, Mr Frans Olof"
709,"Carlsson, Mr Julius"
710,"Carlsson, Mr August Sigfrid"
711,"Carr, Miss Helen"
712,"Carr, Miss Jeannie"
713,"Carver, Mr Alfred John"
714,"Cassem, Mr Nassef Belmenly"
715,"Celotti, Mr Francesco"
716,"Chartens, Mr David"
717,"Chebab, Mr Emir Farres"
718,"Chip, Mr Chang"
719,"Christmann, Mr Emil"
720,"Chronopoulos, Mr Apostolos"
721,"Chronopoulos, Mr Demetrios"
722,"Coelho, Mr Domingos Fernandes"
723,"Cohen, Mr Gurshon (Gus)"
724,"Colbert, Mr Patrick"
725,"Coleff, Mr Fotio"
726,"Coleff, Mr Peyo"
727,"Conlin, Mr Thomas Henry"
728,"Connaghton, Mr Michael"
729,"Connolly, Miss Kate"
730,"Connolly, Miss Kate"
731,"Connors, Mr Patrick"
732,"Cook, Mr Jacob"
733,"Cor, Mr Bartol"
734,"Cor, Mr Ivan"
735,"Cor, Mr Ludovik"
736,"Corn, Mr Harry"
737,"Coutts, Mrs William (Minnie)"
738,"Coutts, Master Neville"
739,"Coutts, Master William Leslie"
740,"Coxon, Mr Daniel"
741,"Crease, Mr Ernest James"
742,"Cribb, Mr John Hatfield"
743,"Cribb, Miss Laura Alice"
744,"Daher, Mr Tannous"
745,"Dahl, Mr Charles Edward"
746,"Dahlberg, Miss Gerda Ulrika"
747,"Dakic, Mr Branko"
748,"Daly, Mr Eugene"
749,"Daly, Miss Marcella"
750,"Danbom, Mr Ernst Gilbert"
751,"Danbom, Mrs Ernst Gilbert (Anna Sigrid Maria Brogren)"
752,"Danbom, Master Gilbert Sigvard Emanuel"
753,"Danoff, Mr Yoto"
754,"Dantchoff, Mr Khristo"
755,"Davies, Mr Alfred"
756,"Davies, Mr Evan"
757,"Davies, Mr John"
758,"Davies, Mr Joseph"
759,"Davison, Mr Thomas Henry"
760,"Davison, Mrs Thomas Henry (Mary Finck)"
761,"Dean, Mr Bertram"
762,"Dean, Mrs Bertram (Eva)"
763,"Dean, Master Bertram Vere"
764,"Dean, Miss Elizabeth Gladys (Millvena)"
765,"Delalic, Mr Regyo"
766,"De Messemaeker, Mr William Joseph"
767,"De Messemaeker, Mrs William Joseph (Anna)"
768,"De Mulder, Mr Theo"
769,"Denkoff, Mr Mito"
770,"Dennis, Mr Samuel"
771,"Dennis, Mr William"
772,"Devaney, Miss Margaret"
773,"Dewan, Mr Frank"
774,"Dibo, Mr Elias"
775,"Dimic, Mr Jovan"
776,"Dintcheff, Mr Valtcho"
777,"Dooley, Mr Patrick"
778,"Dorkings, Mr Edward Arthur"
779,"Dowdell, Miss Elizabeth"
780,"Doyle, Miss Elizabeth"
781,"Drapkin, Miss Jennie"
782,"Drazonovic, Mr Josef"
783,"Driscoll, Miss Bridget"
784,"Duquemin, Mr Joseph"
785,"Dyker, Mr Adolf Fredrik"
786,"Dyker, Mrs Adolf Fredrik (Anna Elizabeth Judith Andersson)"
787,"Econovic, Mr Joso"
788,"Edvardsson, Mr Gustaf Hjalmar"
789,"Eklund, Mr Hans Linus"
790,"Ekstrom, Mr Johan"
791,"Elias, Mr Elias"
792,"Elias, Mr John"
793,"Elias, Mr Joseph"
794,"Elsbury, Mr James"
795,"Emanuel, Miss Virginia Ethel"
796,"Emmeth, Mr Thomas"
797,"Everett, Thomas James"
798,"Farrell, Mr James"
799,"Finoli, Mr Luigi"
800,"Fischer, Mr Eberhard Telander"
801,"Flynn, Mr James"
802,"Flynn, Mr John"
803,"Foley, Mr Joseph"
804,"Foley, Mr William"
805,"Foo, Mr Choong"
806,"Ford, Mr Arthur"
807,"Ford, Miss Doolina Margaret"
808,"Ford, Mr Edward Watson"
809,"Ford, Miss Maggie"
810,"Ford, Mrs Edward (Margaret Ann)"
811,"Ford, Mr Neil Watson"
812,"Fox, Mr Patrick"
813,"Franklin, Mr Charles"
814,"Gallagher, Mr Martin"
815,"Garfirth, Mr John"
816,"Georges, Mrs Shahini Weappi"
817,"Gilinski, Mr Leslie"
818,"Gilnagh, Miss Katie"
819,"Glynn, Miss Mary Agatha"
820,"Goldsmith, Mr Frank John"
821,"Goldsmith, Mrs Frank John (Emily A Brown)"
822,"Goldsmith, Master Frank John William"
823,"Goldsmith, Mr Nathan"
824,"Goncalves, Mr Manuel Estanslas"
825,"Goodwin, Mr Frederick"
826,"Goodwin, Mrs Frederick (Augusta)"
827,"Goodwin, Mr Charles E"
828,"Goodwin, Miss Lillian A"
829,"Goodwin, Master Harold V"
830,"Goodwin, Miss Jessie A"
831,"Goodwin, Master Sidney L"
832,"Goodwin, Master William F"
833,"Green, Mr George"
834,"Gronnestad, Mr Daniel Danielsen"
835,"Guest, Mr Robert"
836,"Gustafsson, Mr Alfred Ossian"
837,"Gustafsson, Mr Anders Vilhelm"
838,"Gustafsson, Mr Johan Birger"
839,"Gustafsson, Mr Karl Gideon"
840,"Haas, Miss Aloisia"
841,"Hagardon, Miss Kate"
842,"Hagland, Mr Ingvald Olsen"
843,"Hagland, Mr Konrad Mathias Reiersen"
844,"Hakkarainen, Mr Pekko Pietari"
845,"Hakkarainen, Mrs Pekko Pietari"
846,"Hampe, Mr Leon"
847,"Hansen, Mr Claus Peter"
848,"Hansen, Mrs Claus Peter"
849,"Hansen, Mr Henrik Juul"
850,"Hansen, Mr Henry Damsgaard"
851,"Harknett, Miss Alice"
852,"Harmer, Mr Abraham"
853,"Hart, Mr Henry"
854,"Hassan, Mr M Houssein"
855,"Healy, Miss Nora"
856,"Hedman, Mr Oscar"
857,"Hee, Mr Ling"
858,"Hegarty, Miss Nora"
859,"Heikkinen, Miss Laina"
860,"Heininen, Miss Wendla Maria"
861,"Hellstrom, Hilda Maria"
862,"Hemming, Miss Nora"
863,"Hendekovic, Mr Ignaz"
864,"Henery, Delia"
865,"Henriksson, Jenny Lovisa"
866,"Hirvonen, Mrs Alexander"
867,"Hirvonen, Miss Hildur E"
868,"Holm, Mr John Frederik Alexander"
869,"Holthen, Mr Johan Martin"
870,"Honkanen, Miss Eluna"
871,"Horgan, Mr John"
872,"Howard, Miss May"
873,"Humblin, Mr Adolf Mathias Nicolai Olsen"
874,"Hyman, Mr Abraham"
875,"Ilieff, Mr Ylio"
876,"Ilmakangas, Miss Ida Livija"
877,"Ilmakangas, Miss Pieta Sofia"
878,"Ivanoff, Mr Konio"
879,"Jansen, Mr Carl Olof"
880,"Jardin, Mr Jose Netto"
881,"Jensen, Miss Carla Christine"
882,"Jensen, Mr Hans Peder"
883,"Jensen, Mr Niels Peder"
884,"Jensen, Mr Svend Lauritz"
885,"Jermyn, Miss Annie"
886,"Johannesen-Bratthammer, Mr Bernt"
887,"Johanson, Mr Jakob Alfred"
888,"Johansson, Mr Erik"
889,"Johansson, Mr Gustaff Joel"
890,"Johansson, Mr Karl Johan"
891,"Johansson, Mr Nils"
892,"Johansson, Oscar L"
893,"Johnson, Mr Alfred"
894,"Johnson, Miss Eleanor Ileen"
895,"Johnson, Mr Malkolm Joackim"
896,"Johnson, Master Harold Theodor"
897,"Johnson, Mrs Oscar W"
898,"Johnson, Mr William Cahoone Jr"
899,"Johnston, Mr Andrew G"
900,"Johnston, Mrs Andrew G"
901,"Johnston, Miss Catherine H"
902,"Johnston, Master William A"
903,"Jonkoff, Mr Lazor"
904,"Jonsson, Mr Carl"
905,"Jonsson, Nils Hilding"
906,"Jussila, Miss Aina Maria"
907,"Jussila, Mr Erik"
908,"Jussila, Miss Katriina"
909,"Kallio, Mr Nikolai Erland"
910,"Kalvig, Mr Johannes K Halverson"
911,"Karajic, Mr Milan"
912,"Karlsson, Mr Einar Gervasius"
913,"Karlsson, Mr Julius Konrad Eugen"
914,"Karlsson, Mr Nils August"
915,"Karun, Miss Anna Mary"
916,"Karun, Mr Franz"
917,"Kassem, Mr Fared"
918,"Keane, Mr Andrew"
919,"Keefe, Mr Arthur"
920,"Kekic, Mr Tido"
921,"Kelly, Miss Anna Kate"
922,"Kelly, Mr James"
923,"Kelly, Mr James"
924,"Kelly, Miss Mary"
925,"Kennedy, Mr John"
926,"Khalil, Mr Betros"
927,"Khalil, Mrs Betros"
928,"Khalil, Mr Saad"
929,"Kiernan, Mr John"
930,"Kiernan, Mr Philip"
931,"Kilgannon, Mr Thomas"
932,"Kink, Mr Anton"
933,"Kink, Mrs Anton (Louise Heilmann)"
934,"Kink, Miss Louise Gretchen"
935,"Kink, Miss Maria"
936,"Kink, Mr Vincenz"
937,"Klasen, Miss Gertrud Emilia"
938,"Klasen, Mrs Hulda Kristina"
939,"Klasen, Mr Klas Albin"
940,"Kraeff, Mr Theodor"
941,"Krekorian, Mr Neshan"
942,"Lahowd, Mr Sarkis"
943,"Laitinen, Miss Kritina Sofia"
944,"Laleff, Mr Kristo"
945,"Lam, Mr Ali"
946,"Lam, Mr Len"
947,"Landegren, Miss Aurora Adelia"
948,"Lane, Mr Patrick"
949,"Lang, Mr Fang"
950,"Larsson, Mr August Viktor"
951,"Larsson, Mr Bengt Edvin"
952,"Larsson-Rondberg, Mr Edvard"
953,"Leeni, Mr Fahim"
954,"Lefebre, Mrs Frank"
955,"Lefebre, Master Henry"
956,"Lefebre, Miss Ida"
957,"Lefebre, Miss Jeannie"
958,"Lefebre, Miss Mathilde"
959,"Leinonen, Mr Antti Gustaf"
960,"Lemberopolous, Mr Peter L"
961,"Lemom, Mr Denis"
962,"Lemon, Miss Mary"
963,"Leonard, Mr Lionel"
964,"Lester, Mr James"
965,"Lindahl, Miss Agda V"
966,"Lindblom, Miss Augusta Charlotta"
967,"Lindell, Mr Edvard Bengtsson"
968,"Lindell, Mrs Edvard Bengtsson"
969,"Lindqvist, Eino William"
970,"Linehan, Mr Michael"
971,"Ling, Mr Lee"
972,"Lithman, Mr Simon"
973,"Lobb, Mr William Arthur"
974,"Lobb, Mrs William Arthur"
975,"Lockyer, Mr Edward"
976,"Lovell, Mr John"
977,"Lulich, Mr Nicola"
978,"Lundahl, Mr Johan"
979,"Lundin, Miss Olga Elida"
980,"Lundstrom, Mr Thure Edvin"
981,"Lyntakoff, Mr Stanko"
982,"MacKay, Mr George William"
983,"Madigan, Miss Margaret"
984,"Madsen, Mr Frithiof"
985,"Maenpaa, Mr Matti Alexanteri"
986,"Mahon, Miss Delia"
987,"Maisner, Mr Simon"
988,"Makinen, Mr Kalle Edvard"
989,"Mamee, Mr Hanna"
990,"Mangan, Miss Mary"
991,"Mannion, Miss Margareth"
992,"Mansour, Mr Hanna"
993,"Mardirosian, Mr Sarkis"
994,"Marinko, Mr Dmitri"
995,"Markim, Mr Johann"
996,"Markoff, Mr Marin"
997,"Masselmany, Mrs Fatima"
998,"Matinoff, Mr Nicola"
999,"McCarthy, Miss Katie"
1000,"McCormack, Mr Thomas J"
1001,"McCoy, Miss Agnes"
1002,"McCoy, Miss Alice"
1003,"McCoy, Mr Bernard"
1004,"McDermott, Miss Delia"
1005,"McElroy, Mr Michael"
1006,"McGovern, Mrs Hugh"
1007,"McGowan, Miss Anna"
1008,"McGowan, Miss Katherine"
1009,"McMahon, Mr Martin"
1010,"McNamee, Mr Neal"
1011,"McNamee, Mrs Neal"
1012,"Meanwell, Miss Marion Ogden"
1013,"Mechen, Mr John"
1014,"Meek, Mrs Thomas"
1015,"Melkebuk, Mrs Philemon"
1016,"Meo, Mr Alfonso"
1017,"Midtsjo, Mr Karl Albert"
1018,"Mihoff, Mr Stoytcho"
1019,"Miles, Mr Frank"
1020,"Mineff, Mr Ivan"
1021,"Minkoff, Mr Lazar"
1022,"Mirko, Mr Dika"
1023,"Mitkoff, Mr Mito"
1024,"Mocklare, Miss Helen Mary"
1025,"Moen, Mr Sigurd H"
1026,"Moor, Mrs Beila"
1027,"Moor, Master Meier"
1028,"Moore, Mr Leonard Charles"
1029,"Moran, Miss Bertha"
1030,"Moran, Mr Daniel J"
1031,"Moran, Mr James"
1032,"Morley, Mr Henry Samuel"
1033,"Morrow, Mr Thomas Rowan"
1034,"Moubarek (Borak), Mr Hanna (John)"
1035,"Moubarek, Mrs George"
1036,"Moubarek, Master George"
1037,"Moubarek, Master William George"
1038,"Moss, Albert Johan"
1039,"Moussa, Mrs Mantoura Baloics"
1040,"Moutal, Mr Rahamin"
1041,"Mullins, Miss Katie"
1042,"Mulvihill, Miss Bertha E"
1043,"Murdlin, Mr Joseph"
1044,"Murphy, Miss Katherine"
1045,"Murphy, Miss Margaret"
1046,"Murphy, Miss Nora"
1047,"Myhrman, Mr Pehr Fabian Oliver Malkolm"
1048,"Nackid, Miss Maria"
1049,"Nackid, Mr Said"
1050,"Nackid, Mrs Said"
1051,"Nahill, Mr Toufik"
1052,"Naidenoff, Mr Penko"
1053,"Nancarrow, W H"
1054,"Niklasen, Sander"
1055,"Nosworthy, Richard C"
1056,"Najib, Miss Adele Kiamie"
1057,"Nancarrow, Mr William Henry"
1058,"Nankoff, Mr Minko"
1059,"Nasr, Mr Mustafa"
1060,"Nassr, Mr Saade Jean"
1061,"Naughton, Miss Hannah"
1062,"Nemaugh, Mr Robert"
1063,"Nenkoff, Mr Christo"
1064,"Nicola-Yarred, Miss Jamila"
1065,"Nicola-Yarred, Master Elias"
1066,"Nieminen, Miss Manta Josefina"
1067,"Niklasson, Mr Samuel"
1068,"Nilsson, Mr August Ferdinand"
1069,"Nilsson, Miss Berta Olivia"
1070,"Nilsson, Miss Helmina Josefina"
1071,"Niskanen, Mr Johan"
1072,"Nosworthy, Mr Richard Cater"
1073,"Novel, Mansouer"
1074,"Nysten, Miss Anna"
1075,"Nysveen, Mr Johan H"
1076,"O'Brien, Mr Denis"
1077,"O'Brien, Mr Thomas"
1078,"O'Brien, Mrs Thomas"
1079,"O'Connell, Mr Patrick D"
1080,"O'Connor, Mr Maurice"
1081,"O'Connor, Mr Patrick"
1082,"Odahl, Mr Nils Martin"
1083,"O'Dwyer, Miss Nellie"
1084,"Ohman, Miss Velin"
1085,"O'Keefe, Mr Patrick"
1086,"OLeary, Miss Norah"
1087,"Olsen, Master Arthur"
1088,"Olsen, Mr Charlie (Carl)"
1089,"Olsen, Mr Henry Margido"
1090,"Olsen, Mr Ole M"
1091,"Olsson, Miss Elida"
1092,"Olsson, Mr Nils Johan"
1093,"Olsson, Mr Oscar Johansson"
1094,"O'Neill, Miss Bridget"
1095,"Oreskovic, Mr Jeko"
1096,"Oreskovic, Mr Luka"
1097,"Oreskovic, Mr Maria"
1098,"Osen, Mr Olof Elon"
1099,"Osman, Miss Maria"
1100,"O'Sullivan, Miss Bridget"
1101,"Panula, Mr Ernesti Arvid"
1102,"Panula, Mr Jaako Arnold"
1103,"Panula, Master Juha Niilo"
1104,"Panula, Mrs John"
1105,"Panula, Master Urho Abraham"
1106,"Panula, Master William"
1107,"Pasic, Mr Jakob"
1108,"Paulner, Mr Uscher"
1109,"Paulsson, Master Gosta Leonard"
1110,"Paulsson, Mrs Nils"
1111,"Paulsson, Master Paul Folke"
1112,"Paulsson, Miss Stina Viola"
1113,"Paulsson, Miss Torborg Danira"
1114,"Pavlovic, Mr Stefo"
1115,"Peacock, Master Alfred Edward"
1116,"Peacock, Mrs Benjamin"
1117,"Peacock, Miss Treasteall"
1118,"Pearce, Mr Ernest"
1119,"Pecruic, Mr Mate"
1120,"Pecruic, Mr Tome"
1121,"Pedersen, Mr Olaf"
1122,"Peduzzi, Mr Joseph"
1123,"Pekoniemi, Mr Edvard"
1124,"Peltomaki, Nikolai Johannes"
1125,"Perkin, Mr John Henry"
1126,"Persson, Mr Ernst Ulrik"
1127,"Peter (Joseph), Miss Mary"
1128,"Peter (Joseph), Mrs Catherine"
1129,"Peter (Joseph), Master Michael J"
1130,"Peters, Miss Katie"
1131,"Petersen, Mr Marius"
1132,"Petranec, Miss Matilda"
1133,"Petroff, Mr Nedeca"
1134,"Petroff, Mr Pentcho"
1135,"Pettersson, Miss Ellen Natalia"
1136,"Peterson, Mr Johan Emil"
1137,"Pickard (Trembisky), Mr Berk"
1138,"Plotcharsky, Mr Vasil"
1139,"Potchett, Mr George"
1140,"Radeff, Mr Alexander"
1141,"Raibid, Mr Razi"
1142,"Reed, Mr James George"
1143,"Reynolds, Mr Harold"
1144,"Rice, Master Albert"
1145,"Rice, Master Arthur"
1146,"Rice, Master George"
1147,"Rice, Master Eric"
1148,"Rice, Master Eugene"
1149,"Rice, Mrs William"
1150,"Riihiivouri, Miss Sanni"
1151,"Rintamaki, Mr Matti"
1152,"Riordan, Miss Hannah"
1153,"Risien, Mr Samuel"
1154,"Risien, Mrs Samuel"
1155,"Robins, Mr Alexander A"
1156,"Robins, Mrs Alexander A"
1157,"Rommetvedt, Mr Karl Kristian Knut"
1158,"Rogers, Mr William John"
1159,"Rosblom, Mrs Viktor"
1160,"Rosblom, Miss Salli Helena"
1161,"Rosblom, Mr Viktor Rickard"
1162,"Roth, Miss Sarah"
1163,"Rouse, Mr Richard Henry"
1164,"Rush, Mr Alfred George John"
1165,"Ryan, Mr Edward Ryan"
1166,"Ryan, Mr Patrick"
1167,"Saad, Mr Amin"
1168,"Saad, Khalil"
1169,"Sadlier, Mr Matthew"
1170,"Sadowitz, Mr Harry"
1171,"Sage, Miss Ada"
1172,"Sage, Miss Constance"
1173,"Sage, Miss Dorothy"
1174,"Sage, Mr Douglas"
1175,"Sage, Mr Frederick"
1176,"Sage, Mr George"
1177,"Sage, Mr John"
1178,"Sage, Mrs John"
1179,"Sage, Miss Stella"
1180,"Sage, Thomas (child)"
1181,"Sage, Master William"
1182,"Salander, Mr Karl Johan"
1183,"Salkjelsvik, Miss Anna"
1184,"Salonen, Mr Johan Werner"
1185,"Samaan, Mr Elias"
1186,"Samaan, Mr Hanna"
1187,"Samaan, Mr Youssef"
1188,"Sandstrom, Miss Hjalmar"
1189,"Sandstrom, Miss Beatrice Irene"
1190,"Sandstrom, Miss Marguerite Rut"
1191,"Sather, Simon Sivertsen"
1192,"Saundercock, William Henry"
1193,"Sawyer, Mr Frederick"
1194,"Scanlan, Mr James"
1195,"Sdycoff, Mr Todor"
1196,Seman Master Betros
1197,"Serota, Mr Maurice"
1198,"Shaughnesay, Mr Patrick"
1199,"Shedid (Sitik), Mr Daher (Docart)"
1200,"Sheerlinck, Mr Jean"
1201,"Shellard, Mr Frederick B"
1202,"Shine, Miss Ellen"
1203,"Shorney, Mr Charles"
1204,"Simmons, Mr John"
1205,"Sirayanian, Mr Arsun"
1206,"Sivic, Mr Husen"
1207,"Sivola, Mr Antti"
1208,"Sjoblom, Miss Anna Sofia"
1209,"Sholt, Mr Peter Andreas Lauritz Andersen"
1210,"Skinner, Mr Henry John"
1211,"Skoog, Master Harald"
1212,"Skoog, Master Karl"
1213,"Skoog, Miss Mabel"
1214,"Skoog, Miss Margit"
1215,"Skoog, Mr William"
1216,"Skoog, Mrs William"
1217,"Slabenoff, Mr Petco"
1218,"Slocovski, Mr Selman"
1219,"Smiljanovic, Mr Mile"
1220,"Smyth, Miss Julia"
1221,"Solvang, Mrs Lena Jacobsen"
1222,"Somerton, Mr Francis William"
1223,"Sop, Mr Jules"
1224,"Spector, Mr Woolf"
1225,"Staneff, Mr Ivan"
1226,"Stankovic, Mr Jovan"
1227,"Stanley, Miss Amy Zilla Elsie"
1228,"Stanley, Mr Edward Roland"
1229,"Storey, Mr Thomas"
1230,"Stoyehoff, Mr Ilia"
1231,"Strandberg, Miss Ida Sofia"
1232,"Stranden, Mr Juho"
1233,"Strilic, Mr Ivan"
1234,"Strom, Mrs Wilhelm"
1235,"Strom, Miss Telma (Selma) Matilda"
1236,"Sunderland, Mr Victor Francis"
1237,"Sundman, Mr Johan Julian"
1238,"Sutehall, Mr Henry, Jr"
1239,"Svensson, Mr Johan"
1240,"Svensson, Mr Johan Cervin"
1241,"Svensson, Mr Olof"
1242,"Tannous, Mr Thomas"
1243,"Tenglin, Mr Gunnar Isidor"
1244,"Theobald, Mr Thomas Leonard"
1245,"Thomas, Mrs Alexander"
1246,"Thomas, Master Assad Alexander"
1247,"Thomas, Mr Charles"
1248,"Thomas, Mr John, Jr"
1249,"Thomas, Mr John (? 1st/2nd class)"
1250,"Thomson, Mr Alexander"
1251,"Thorneycroft, Mr Percival"
1252,"Thorneycroft, Mrs Percival"
1253,"Tikkanen, Mr Juho"
1254,"Tobin, Mr Roger"
1255,"Todoroff, Mr Lalio"
1256,"Toerber, Mr Ernest William"
1257,"Tomlin, Mr Ernest Portage"
1258,"Torfa, Mr Assad"
1259,"Tornquist, Mr William Henry"
1260,"Touma (Thomas), Mrs Darwin"
1261,"Touma (Thomas), Master George"
1262,"Touma (Thomas), Miss Hannah"
1263,"Turcin, Mr Stefan"
1264,"Turja, Miss Anna Sofia"
1265,"Turkula, Mrs Hedvig"
1266,"Uzelas, Mr Joso"
1267,"Van Billiard, Mr Austin Blyler"
1268,"Van Billiard, Master James William"
1269,"Van Billiard, Master Walter John"
1270,"Van der Planke, Miss Augusta"
1271,"Van der Planke, Mr Jules"
1272,"Van der Planke, Mrs Jules"
1273,"Van der Planke, Mr Leon"
1274,"Van der Steen, Mr Leo Peter"
1275,"Van de Velde, Mr John Joseph"
1276,"Vandewalle, Mr Nestor Cyriel"
1277,"Van Impe, Miss Catharine"
1278,"Van Impe, Mr Jean Baptiste"
1279,"Van Impe, Mrs Jean Baptiste"
1280,"Vartunian, Mr David"
1281,"Vassilios, Mr Catavelas"
1282,"Vendel, Mr Olof Wdvin"
1283,"Vereruysse, Mr Victor"
1284,"Vestrom, Miss Hulda Amanda Adolfina"
1285,"Vonk, Mr Jenko"
1286,"Ware, Mr Frederick"
1287,"Warren, Mr Charles William"
1288,"Wazli, Mr Yousif"
1289,"Webber, Mr James"
1290,"Wennerstrom, Mr August Edvard"
1291,"Wenzel, Mr Linhart"
1292,"Widegren, Mr Charles Peter"
1293,"Wiklund, Mr Jacob Alfred"
1294,"Wilkes, Mrs Ellen"
1295,"Willer, Mr Aaron"
1296,"Willey, Mr Edward"
1297,"Williams, Mr Howard Hugh"
1298,"Williams, Mr Leslie"
1299,"Windelov, Mr Einar"
1300,"Wirz, Mr Albert"
1301,"Wiseman, Mr Phillippe"
1302,"Wittevrongel, Mr Camiel"
1303,"Yalsevac, Mr Ivan"
1304,"Yasbeck, Mr Antoni"
1305,"Yasbeck, Mrs Antoni"
1306,"Youssef, Mr Gerios"
1307,"Zabour, Miss Hileni"
1308,"Zabour, Miss Tamini"
1309,"Zakarian, Mr Artun"
1310,"Zakarian, Mr Maprieder"
1311,"Zenni, Mr Philip"
1312,"Lievens, Mr Rene"
1313,"Zimmerman, Leo"
